Title,Job Roles,Company,Location,Min Experience,Max Experience,Posted
Data Scientist / Machine Learning Engineer,Data Scientist,Not Mentioned,"Bangalore Rural, Bengaluru",4,9,1 week ago
Data Scientist - Artificial Intelligence,Data Scientist,Not Mentioned,Bengaluru,3,6,Few hours ago
Data Scientist / Data Analyst,Miscellaneous,Not Mentioned,Hybrid - Bengaluru,7,12,Few hours ago
Data Scientist-Artificial Intelligence,Data Scientist,Not Mentioned,Mumbai,3,7,1 day ago
Data Scientist-Artificial Intelligence,Data Scientist,Not Mentioned,Bengaluru,3,7,1 day ago
Data Scientist-Artificial Intelligence,Data Scientist,Not Mentioned,Bengaluru,3,7,1 day ago
Data Scientist,Data Scientist,I Square Tek,"Hybrid - Pune, Bengaluru",0,4,1 day ago
Data Scientist-Artificial Intelligence,Data Scientist,Not Mentioned,Bengaluru,5,7,1 day ago
Data Scientist,Data Scientist,Not Mentioned,Gurugram,1,2,Few hours ago
Data Scientist,Data Scientist,Not Mentioned,Pune,1,5,Few hours ago
Data Scientist - Time Series,Data Scientist,Not Mentioned,"Hyderabad, Chennai, Bengaluru",4,6,1 day ago
Data Scientist (Relevant Exp: GEN AI- 4years Mandatory),Data Scientist,Artech,"Chennai, Bengaluru",6,8,Today
Foreseer AI- Data Scientist III,Data Scientist,Not Mentioned,Hybrid,8,13,1 day ago
Data Scientist 4,Data Scientist,Not Mentioned,Bengaluru,6,11,1 day ago
Data Scientist,Data Scientist,Not Mentioned,Hyderabad,0,5,1 week ago
Opportunity | Data Scientist (ML + SQL) | Tavant India,Data Scientist,Not Mentioned,"Hybrid - Noida, Hyderabad/Secunderabad, Bangalore/Bengaluru",5,8,Today
Senior Data Scientist-GenAI & Machine Learning,Data Scientist,Not Mentioned,Hyderabad,8,13,Today
Data Scientist,Data Scientist,Contactx Resource Management .,"Kolkata, Bengaluru",3,6,1 day ago
Data Scientist,Data Scientist,GEETHA TECHNOLOGY SOLUTIONS,"Indore, Pune, Chennai",6,10,6 days ago
Data Scientist - LLM Engineering,Data Scientist,Zorba Consulting India .,Pune,4,6,1 day ago
Data Scientist,Data Scientist,Not Mentioned,"Hyderabad, Chennai, Bengaluru",0,2,1 week ago
Data Scientist,Data Scientist,Not Mentioned,Pune,2,10,1 day ago
Data Scientist,Data Scientist,Not Mentioned,Bengaluru,3,8,4 days ago
Data Scientist,Data Scientist,Not Mentioned,"Hyderabad, Chennai, Bengaluru",1,3,Today
Industrial Data Scientist,Data Scientist,Not Mentioned,Bengaluru,3,8,1 day ago
Physical Data Scientist,Data Scientist,Not Mentioned,Bengaluru,3,8,1 day ago
Data Scientist,Data Scientist,Not Mentioned,Bengaluru,9,14,6 days ago
Data Scientist | Machine Learning | NLP | AI,Data Scientist,Not Mentioned,"Hyderabad, Bengaluru",5,10,1 day ago
Advanced Data Scientist,Data Scientist,Not Mentioned,Bengaluru,5,10,1 day ago
Data Scientist-Artificial Intelligence,Data Scientist,Not Mentioned,Bengaluru,5,7,5 days ago
Data Scientist AI & Azure / AWS - F2F Drive Saturday,Data Scientist,Not Mentioned,Hybrid - Bengaluru(Whitefield),13,13,Today
Data Scientist,Data Scientist,Not Mentioned,Bengaluru,3,8,4 days ago
Data Scientist - Generative AI,Data Scientist,Not Mentioned,Bengaluru,2,6,1 day ago
Commercial Data Scientist,Data Scientist,Not Mentioned,Bengaluru,2,7,1 day ago
Data Scientist,Data Scientist,Not Mentioned,Bengaluru,4,5,1 day ago
Data Scientist,Data Scientist,Not Mentioned,Bengaluru,7,12,Few hours ago
Data Scientist,Data Scientist,Not Mentioned,"Hybrid - Hyderabad, Pune, Bengaluru",7,12,Today
AI Architect / Data Scientist,Data Scientist,Not Mentioned,Hybrid - Bengaluru,8,13,Today
Data Scientist,Data Scientist,Not Mentioned,"Hybrid - Gurugram, Bengaluru",4,6,1 day ago
Data Scientist/Architect,Data Scientist,Not Mentioned,Hybrid,4,9,Today
Data Scientist,Data Scientist,Not Mentioned,Bengaluru,0,2,1 week ago
Data Scientist,Data Scientist,Not Mentioned,Chennai,5,8,4 days ago
Data Scientist,Data Scientist,Not Mentioned,Chennai,2,7,5 days ago
Data Scientist - L3,Data Scientist,Not Mentioned,Pune,3,5,6 days ago
Data Scientist,Data Scientist,Not Mentioned,Chennai,2,7,5 days ago
Data scientist,Data Scientist,Not Mentioned,Bengaluru,5,10,4 days ago
Data Scientist - I Data Scien,Data Scientist,Not Mentioned,Pune,5,7,6 days ago
Data Scientist,Data Scientist,Not Mentioned,Pune,6,10,5 days ago
Data Scientist,Data Scientist,Not Mentioned,Bengaluru,0,2,1 week ago
Data Scientist,Data Scientist,Not Mentioned,Itanagar,2,6,1 day ago
Data Scientist,Data Scientist,Not Mentioned,Bengaluru,5,10,4 days ago
Senior Machine Learning Engineer/Data Scientist (m/f/d),Data Scientist,Not Mentioned,Pune,5,10,1 week ago
Data Scientist,Data Scientist,Not Mentioned,Pune,5,8,6 days ago
Data Scientist - Machine Learning/Artificial Intelligence,Data Scientist,Zorba Consulting India .,Gurugram,5,7,Today
Data Scientist,Data Scientist,Not Mentioned,"Hyderabad, Chennai, Bengaluru",4,7,4 days ago
Data Scientist,Data Scientist,Anlage Infotech,"Hybrid - Chennai, Bengaluru",5,10,1 day ago
Data Scientist (Vector DB Engineer Data Scientist,Data Scientist,Not Mentioned,Bengaluru,5,10,4 days ago
Data Scientist,Data Scientist,Recruise India Consulting,Bengaluru,7,10,Today
"Specialist Data Scientist, Actimize",Data Scientist,Not Mentioned,Hybrid - Pune,8,12,4 days ago
Data Scientist - LLM Engineering,Data Scientist,Zorba Consulting India .,Hybrid - Bengaluru,4,6,5 days ago
Data Scientist,Data Scientist,Not Mentioned,Navi Mumbai,0,2,2 weeks ago
Data Scientist,Data Scientist,Not Mentioned,Navi Mumbai,3,6,5 days ago
Data Scientist,Data Scientist,Not Mentioned,Bengaluru,3,6,1 week ago
Data Scientist-Artificial Intelligence,Data Scientist,Not Mentioned,Bengaluru,3,7,1 week ago
Data Scientist - Artificial Intelligence,Data Scientist,The IT Mind services,Indore,4,8,1 week ago
Data Scientist,Data Scientist,The IT Mind services,Remote,3,6,1 week ago
Data Scientist,Data Scientist,Not Mentioned,Haryana,5,7,Today
Data Scientist,Data Scientist,The IT Mind services,Indore,3,6,1 week ago
Immediate Hiring For Python Developer AIML (Data Scientist),Data Scientist,Not Mentioned,Hyderabad,5,10,Today
Data scientist,Data Scientist,Not Mentioned,Nagercoil,0,2,1 week ago
Data Scientist,Data Scientist,Not Mentioned,Hyderabad,0,5,1 week ago
Data scientist,Data Scientist,Not Mentioned,"Hybrid - Chennai, Bengaluru",5,8,5 days ago
Data Scientist - Pharmova,Data Scientist,Not Mentioned,Noida,3,5,Few hours ago
Data Scientist,Data Scientist,Not Mentioned,Bengaluru,3,6,1 week ago
Data Scientist,Data Scientist,Not Mentioned,Bengaluru,5,10,4 days ago
Data Scientist,Data Scientist,GEETHA TECHNOLOGY SOLUTIONS,"Hyderabad, Ahmedabad, Bengaluru",6,10,6 days ago
Data Scientist,Data Scientist,Not Mentioned,Noida,4,5,1 day ago
Data Scientist,Data Scientist,Not Mentioned,Hyderabad,8,13,Today
Data Scientist,Data Scientist,Not Mentioned,Pune,3,6,1 day ago
Data Scientist,Data Scientist,Not Mentioned,Hyderabad,8,13,Today
Data Scientist-Artificial Intelligence,Data Scientist,Not Mentioned,Bengaluru,3,7,1 week ago
Data Scientist-Artificial Intelligence,Data Scientist,Not Mentioned,Bengaluru,3,7,2 weeks ago
Data Scientist-Artificial Intelligence,Data Scientist,Not Mentioned,Bengaluru,3,7,2 weeks ago
Data Scientist-Artificial Intelligence,Data Scientist,Not Mentioned,Bengaluru,3,7,1 week ago
Senior Data Scientist (Artificial Intelligence Machine Learning),Data Scientist,Not Mentioned,Hybrid - Pune,3,7,5 days ago
"Data Scientist Associate - AI/ML, Python",Data Scientist,Not Mentioned,Mumbai,4,9,1 week ago
Data Scientist,Data Scientist,Careernet,"Hybrid - Hyderabad, Bengaluru, Mumbai (All Areas)",5,9,2 weeks ago
Data Scientists with AI and Generative Model experience,Data Scientist,Not Mentioned,"Hybrid - Kolkata, Hyderabad, Bengaluru",3,6,1 week ago
Data Scientist,Data Scientist,Not Mentioned,Bengaluru,4,7,1 week ago
Data Scientist,Data Scientist,Not Mentioned,Bengaluru,8,13,1 week ago
Data Scientist-Artificial Intelligence,Data Scientist,Not Mentioned,Bengaluru,3,7,1 week ago
Data Scientist-Artificial Intelligence,Data Scientist,Not Mentioned,Bengaluru,3,7,1 week ago
Data Scientist,Data Scientist,Not Mentioned,Bengaluru,3,8,1 week ago
Senior Data Scientist (Artificial Intelligence Machine Learning),Data Scientist,Not Mentioned,Pune,4,6,4 days ago
Inviting applications For the role of Full Stack Data Scientist,Data Scientist,Not Mentioned,"Hybrid - Kolkata, Hyderabad, Bengaluru",10,15,1 week ago
Data Scientist,Data Scientist,Not Mentioned,Bengaluru,6,11,5 days ago
AI Engineer/ Data Scientist,Miscellaneous,Not Mentioned,"Mumbai Suburban, Mumbai (All Areas)",4,8,6 days ago
Data Scientist,Data Scientist,Not Mentioned,Bengaluru,10,15,1 week ago
Data Scientist III,Data Scientist,Not Mentioned,Bengaluru,7,12,6 days ago
Lead Data Scientist / Machine Learning Engineer_ Exp: 6+ years,Data Scientist,Not Mentioned,Hybrid - Pune(Kharadi),6,11,1 day ago
Data Engineer | PAN India,Data Engineer,Not Mentioned,Bengaluru,3,6,1 day ago
Data Engineer - Automotive Research,Data Engineer,Not Mentioned,"Gurugram, Bengaluru",1,2,1 day ago
Data Engineer,Data Engineer,Not Mentioned,Indore,3,8,2 weeks ago
Databricks Data Engineer,Data Engineer,Not Mentioned,Bengaluru,5,9,Today
Data Engineer,Data Engineer,Not Mentioned,Pune,4,8,3+ weeks ago
Backend Data Engineer,Data Engineer,Not Mentioned,Bengaluru,1,3,3 weeks ago
Data Engineer,Data Engineer,Not Mentioned,Bengaluru,5,10,1 week ago
GenAI - Data Engineer,Data Engineer,Not Mentioned,Pune,3,5,3+ weeks ago
Data Engineer,Data Engineer,Not Mentioned,Mumbai,2,9,3+ weeks ago
Data Engineer,Data Engineer,Not Mentioned,Bengaluru,2,6,3+ weeks ago
IN_Senior Associate_Azure Data Engineer,Data Engineer,Not Mentioned,Bengaluru,2,6,3+ weeks ago
Data Engineer,Data Engineer,Not Mentioned,Pune,4,8,3+ weeks ago
Data Engineer,Data Engineer,Not Mentioned,Bengaluru,4,8,1 week ago
Data Engineer,Data Engineer,Not Mentioned,Indore,3,8,1 week ago
Data Engineer (Python with Gen AI),Data Engineer,Not Mentioned,"Hyderabad, Pune, Bengaluru",2,6,3 weeks ago
Data Engineer,Data Engineer,Not Mentioned,Bengaluru,15,20,3 weeks ago
Data Architect / Data Engineer - Contract (6-12 month),Data Engineer,Not Mentioned,Pune,6,11,Few hours ago
Data Engineer,Data Engineer,Not Mentioned,Bhubaneswar,15,20,3 weeks ago
Data Engineer,Data Engineer,Not Mentioned,Hyderabad,2,4,3 weeks ago
Data Engineer,Data Engineer,Not Mentioned,Bengaluru,2,4,2 weeks ago
DCT Data Engineer,Data Engineer,GEETHA TECHNOLOGY SOLUTIONS,Hybrid,5,8,3+ weeks ago
Data Engineer,Data Engineer,Not Mentioned,Indore,15,20,3 weeks ago
Data Engineer,Data Engineer,Not Mentioned,Hyderabad,15,20,4 days ago
Data Engineer,Data Engineer,Not Mentioned,Indore,15,20,3 weeks ago
Data Engineer,Data Engineer,Not Mentioned,Bhubaneswar,3,8,1 day ago
Data Engineer,Data Engineer,Not Mentioned,Indore,15,20,3 weeks ago
Data Engineer,Data Engineer,Not Mentioned,Indore,15,20,4 days ago
Data Engineer,Data Engineer,Not Mentioned,Indore,15,20,3 weeks ago
Data Engineer,Data Engineer,Not Mentioned,Indore,15,20,3 weeks ago
Data Engineer,Data Engineer,Not Mentioned,Bhubaneswar,15,20,3 weeks ago
Data Engineer,Data Engineer,Not Mentioned,Chennai,15,20,4 days ago
Data Engineer,Data Engineer,Not Mentioned,Bengaluru,3,8,1 week ago
Data Engineer,Data Engineer,Not Mentioned,Bhubaneswar,15,20,4 days ago
Data Engineer,Data Engineer,Not Mentioned,Bengaluru,15,20,4 days ago
Data Engineer,Data Engineer,Not Mentioned,Indore,15,20,3 weeks ago
Data Engineer,Data Engineer,Not Mentioned,Indore,3,8,1 week ago
Manager / Data Engineer-Data Architect,Data Engineer,Not Mentioned,New Delhi,3,15,3+ weeks ago
Data Engineer,Data Engineer,Not Mentioned,Indore,15,20,3 weeks ago
Data Engineer,Data Engineer,Not Mentioned,Bengaluru,3,8,2 weeks ago
Data Engineer,Data Engineer,Not Mentioned,Indore,15,20,3 weeks ago
Data Engineer,Data Engineer,Not Mentioned,Indore,15,20,3 weeks ago
Data Engineer,Data Engineer,Not Mentioned,Indore,15,20,3 weeks ago
Data Engineer,Data Engineer,Not Mentioned,Mumbai,2,4,1 day ago
Data Engineer,Data Engineer,Not Mentioned,Indore,15,20,3 weeks ago
Data Engineer,Data Engineer,Not Mentioned,Indore,15,20,3 weeks ago
Data Engineer,Data Engineer,Not Mentioned,Indore,15,20,3 weeks ago
Data Engineer,Data Engineer,Not Mentioned,Bengaluru,15,20,3 weeks ago
Data Engineer,Data Engineer,Not Mentioned,Indore,15,20,3 weeks ago
Data Engineer,Data Engineer,Not Mentioned,Indore,5,10,1 day ago
Data Engineer,Data Engineer,Not Mentioned,Pune,15,20,3 weeks ago
Data Engineer,Data Engineer,Not Mentioned,Indore,15,20,3 weeks ago
Data Engineer,Data Engineer,Not Mentioned,Indore,15,20,3 weeks ago
Data Engineer,Data Engineer,Not Mentioned,Hyderabad,15,20,4 days ago
Data Engineer,Data Engineer,Not Mentioned,Indore,3,8,5 days ago
Data Engineer,Data Engineer,Not Mentioned,Indore,15,20,3 weeks ago
Data Engineer,Data Engineer,Not Mentioned,Bengaluru,15,20,3 weeks ago
Data Engineer,Data Engineer,Not Mentioned,Bhubaneswar,2,4,3 weeks ago
Data Engineer,Data Engineer,Not Mentioned,Indore,15,20,3 weeks ago
Data Engineer,Data Engineer,Not Mentioned,Bhubaneswar,15,20,3 weeks ago
Data Engineer,Data Engineer,Not Mentioned,Bengaluru,5,10,1 day ago
Data Engineer,Data Engineer,Not Mentioned,Navi Mumbai,15,20,3 weeks ago
Data Engineer,Data Engineer,Not Mentioned,Indore,15,20,3 weeks ago
Data Engineer,Data Engineer,Not Mentioned,Bengaluru,15,20,4 days ago
Data Engineer,Data Engineer,Not Mentioned,Indore,2,4,1 day ago
Data Engineer,Data Engineer,Not Mentioned,Bengaluru,2,4,1 week ago
Data Engineer,Data Engineer,Not Mentioned,Pune,15,20,3 weeks ago
Data Engineer,Data Engineer,Not Mentioned,Indore,15,20,4 days ago
Data Engineer,Data Engineer,Not Mentioned,Indore,15,20,4 days ago
Data Engineer,Data Engineer,Not Mentioned,Indore,3,8,3 weeks ago
Data Engineer,Data Engineer,Not Mentioned,Hyderabad,2,4,1 day ago
Data Engineer,Data Engineer,Not Mentioned,Indore,2,4,1 day ago
Data Engineer,Data Engineer,Not Mentioned,Bhubaneswar,15,20,3 weeks ago
Data Engineer,Data Engineer,Not Mentioned,Bengaluru,2,4,3 weeks ago
Data Engineer,Data Engineer,Not Mentioned,Bengaluru,15,20,3 weeks ago
Data Engineer,Data Engineer,Not Mentioned,Indore,2,4,3 weeks ago
Data Engineer,Data Engineer,Not Mentioned,Bengaluru,3,8,2 weeks ago
Data Engineer,Data Engineer,Not Mentioned,Bengaluru,2,4,1 week ago
Data Engineer,Data Engineer,Not Mentioned,Navi Mumbai,2,4,3 weeks ago
Data Engineer,Data Engineer,Not Mentioned,Chennai,15,20,3 weeks ago
Data Engineer,Data Engineer,Not Mentioned,Bhubaneswar,2,4,1 day ago
Data Engineer,Data Engineer,Not Mentioned,Indore,15,20,3 weeks ago
Data Engineer,Data Engineer,Not Mentioned,Chennai,15,20,4 days ago
Data Engineer,Data Engineer,Not Mentioned,Mumbai,15,20,4 days ago
Data Engineer,Data Engineer,Not Mentioned,Hyderabad,15,20,3 weeks ago
Data Engineer,Data Engineer,Not Mentioned,Indore,2,4,1 day ago
Data Engineer,Data Engineer,Not Mentioned,Pune,15,20,3 weeks ago
Data Engineer,Data Engineer,Not Mentioned,Bengaluru,15,20,3 weeks ago
Data Engineer,Data Engineer,Not Mentioned,Bengaluru,2,4,1 week ago
Data Engineer,Data Engineer,Not Mentioned,Pune,2,4,3 weeks ago
Data Engineer,Data Engineer,Not Mentioned,Pune,2,4,1 day ago
Data Engineer,Data Engineer,Not Mentioned,Indore,15,20,4 days ago
Data Engineer,Data Engineer,Not Mentioned,Bengaluru,15,20,4 days ago
Data Engineer,Data Engineer,Not Mentioned,Pune,15,20,4 days ago
Data Engineer,Data Engineer,Not Mentioned,Pune,15,20,3 weeks ago
Data Engineer,Data Engineer,Not Mentioned,Bhubaneswar,15,20,3 weeks ago
Data Engineer,Data Engineer,Not Mentioned,Indore,15,20,4 days ago
Data Engineer,Data Engineer,Not Mentioned,Bengaluru,15,20,3 weeks ago
Data Engineer,Data Engineer,Not Mentioned,Indore,2,4,1 day ago
Data Engineer,Data Engineer,Not Mentioned,Hybrid - Pune,5,10,3+ weeks ago
Data Engineer,Data Engineer,Not Mentioned,Bengaluru,15,20,4 days ago
ML Engineer,ML Engineer,Not Mentioned,Kolkata,2,7,1 day ago
ML Engineer,ML Engineer,Not Mentioned,Bengaluru,5,10,1 week ago
Principal Machine Learning Engineer (m/f/d),Miscellaneous,Not Mentioned,Hybrid,7,11,1 week ago
ML Engineer,ML Engineer,Not Mentioned,Pune,2,5,1 week ago
Engineer - Audio Systems Machine Learning Engineer,Miscellaneous,Not Mentioned,Hyderabad,1,5,Today
Distinguished Engineer - Machine Learning Engineering,Miscellaneous,Not Mentioned,Bengaluru,15,20,6 days ago
"Machine Learning Engineer, Search & AI",Miscellaneous,Not Mentioned,Bengaluru,7,12,3+ weeks ago
Core Engineering - ETO - Machine Learning Engineer - Associate/VP,Miscellaneous,Not Mentioned,Bengaluru,5,10,4 days ago
Machine Learning Engineer II - Backend,Miscellaneous,Not Mentioned,Bengaluru,3,5,6 days ago
Machine Learning Engineer I,Miscellaneous,Not Mentioned,Bengaluru,1,3,1 week ago
ML Engineer,ML Engineer,Not Mentioned,"Hybrid - Pune, Bengaluru",2,5,5 days ago
D&T Machine Learning Engineer I,Miscellaneous,Not Mentioned,Mumbai,3,8,2 weeks ago
ML Engineer,ML Engineer,Not Mentioned,Hyderabad,1,2,Today
"Principal Engineer II, Machine Learning",Miscellaneous,Not Mentioned,Bengaluru,12,15,2 weeks ago
Data Scientist / Machine Learning Engineer Gen AI & LLM,Data Scientist,Not Mentioned,Bengaluru,3,7,3+ weeks ago
ML Engineer,ML Engineer,Not Mentioned,Bengaluru,0,2,2 weeks ago
Machine Learning Ops Engineer,Miscellaneous,Not Mentioned,Bengaluru,3,7,1 week ago
Staff Machine Learning Engineer,Miscellaneous,Not Mentioned,Bengaluru,9,12,2 weeks ago
Staff Machine Learning Engineer,Miscellaneous,Not Mentioned,Bengaluru,8,13,1 week ago
Data Scientist / Machine Learning Engineer,Data Scientist,Not Mentioned,"Bangalore Rural, Bengaluru",4,9,1 week ago
ML Engineer,ML Engineer,Not Mentioned,Bengaluru,5,8,6 days ago
AI / ML Engineer / Machine Learning Engineer,ML Engineer,Bizbrolly,Delhi NCR,4,6,1 week ago
ML Engineer,ML Engineer,Not Mentioned,Hybrid,2,5,3+ weeks ago
Artificial Intelligence And Machine Learning Engineer( Kochi Location),Miscellaneous,Not Mentioned,Kochi,0,3,1 week ago
ML Engineer,ML Engineer,Not Mentioned,Bengaluru,2,5,1 week ago
Machine Learning Engineer - 2,Miscellaneous,Not Mentioned,Bengaluru,4,7,2 weeks ago
ML Engineer,ML Engineer,Not Mentioned,Remote,2,5,1 week ago
ML Engineer,ML Engineer,Not Mentioned,Bengaluru,1,6,3+ weeks ago
ML Engineer,ML Engineer,Not Mentioned,Hybrid,2,5,3+ weeks ago
Machine Learning Engineer (AI ML),Miscellaneous,Not Mentioned,Hyderabad,5,9,2 weeks ago
Machine Learning Engineer AI & ML Team,Miscellaneous,Not Mentioned,Bengaluru,2,4,3+ weeks ago
ML Engineer,ML Engineer,Not Mentioned,"Nagercoil, Kanyakumari",0,5,1 week ago
ML Engineer,ML Engineer,Not Mentioned,Bengaluru,3,5,1 day ago
Machine Learning Engineer - AI Governance,Miscellaneous,Not Mentioned,Bengaluru,2,6,Today
ML Engineer,ML Engineer,Not Mentioned,"Hyderabad, Chennai, Bengaluru",0,2,1 week ago
Machine Learning Engineer - LLM & Generative AI,Miscellaneous,Not Mentioned,Bengaluru,3,5,3+ weeks ago
ML Engineer,ML Engineer,Not Mentioned,Bhubaneswar,2,5,Few hours ago
Machine Learning Engineer III,Miscellaneous,Not Mentioned,Bengaluru,3,6,1 week ago
ML Engineer,ML Engineer,Not Mentioned,Navi Mumbai,4,6,2 weeks ago
ML Engineer,ML Engineer,Not Mentioned,Kolkata,0,1,1 week ago
Associate Machine Learning Engineer,Miscellaneous,Not Mentioned,Hyderabad,5,8,4 days ago
ML Engineer,ML Engineer,Not Mentioned,Bengaluru,3,8,1 day ago
Staff Machine Learning Engineer,Miscellaneous,Not Mentioned,Remote,7,12,Today
ML Engineer,ML Engineer,Not Mentioned,Hyderabad,7,10,Today
ML Engineer,ML Engineer,Not Mentioned,Hybrid,4,8,1 day ago
ML Engineer,ML Engineer,Not Mentioned,Hyderabad,2,6,Today
ML Engineer,ML Engineer,Not Mentioned,Hybrid,4,9,1 week ago
ML Engineer,ML Engineer,Not Mentioned,Ahmedabad,5,8,6 days ago
Artificial Intelligence / Machine Learning Engineer - NLP,Miscellaneous,Not Mentioned,Bengaluru,5,10,1 day ago
Staff Machine Learning Engineer,Miscellaneous,Not Mentioned,Hyderabad,2,6,Today
ML Engineer,ML Engineer,Not Mentioned,Hybrid,3,8,Today
Machine Learning Engineer - LLM,Miscellaneous,Not Mentioned,Bengaluru,3,8,3+ weeks ago
ML Engineer,ML Engineer,Not Mentioned,Bengaluru,3,8,3+ weeks ago
ML Engineer,ML Engineer,Not Mentioned,Bengaluru,3,8,3+ weeks ago
ML Engineer,ML Engineer,Not Mentioned,Raipur,0,3,Today
Machine Learning Engineer 54 LakhsCTC || Kandi Srinivasa Reddy,Miscellaneous,Vcloud Technologies Investment,Hybrid,13,15,1 week ago
AI and Machine Learning Engineer,Miscellaneous,Not Mentioned,Hybrid,4,8,2 weeks ago
Machine Learning Engineer - NLP,Miscellaneous,Not Mentioned,Noida,2,7,1 day ago
ML Engineer,ML Engineer,Not Mentioned,Hyderabad,1,6,4 days ago
Machine Learning Engineer - LLM,Miscellaneous,Not Mentioned,Bengaluru,3,10,3+ weeks ago
Machine Learning & Generative AI Engineer,AI Engineer,Not Mentioned,Bengaluru,4,9,1 week ago
Staff Machine Learning Engineer,Miscellaneous,Not Mentioned,Bengaluru,5,10,1 week ago
Machine Learning Engineers,Miscellaneous,Not Mentioned,"Hybrid - Chennai, Bengaluru",3,6,1 day ago
Staff Engineer-Machine Learning,Miscellaneous,Not Mentioned,Bengaluru,4,9,Today
Machine Learning Engineer | Contract Role | India (Remote),Miscellaneous,Not Mentioned,Hybrid,9,10,1 week ago
Machine Learning Engineer ( NLP & Graph Analytics ),Miscellaneous,Not Mentioned,"Chennai, Bengaluru",3,8,5 days ago
"Principal Machine Learning Engineer, AI",Miscellaneous,Not Mentioned,"Chennai, Bengaluru",15,17,1 week ago
ML Engineer,ML Engineer,Not Mentioned,Remote,5,7,Today
Machine Learning Engineer | Contract Role | India (Remote),Miscellaneous,Not Mentioned,Hybrid,8,10,1 week ago
ML Engineer,ML Engineer,Not Mentioned,Hyderabad,3,5,1 week ago
Machine Learning Engineer Techical Lead - Data Platform & Snowflake,Miscellaneous,Not Mentioned,Hyderabad,8,15,4 days ago
Machine Learning Engineer (ML Ops),Miscellaneous,Not Mentioned,Bengaluru,10,12,1 week ago
ML Engineer,ML Engineer,Quess Corp Limited,Bengaluru,7,12,1 day ago
ML Engineer,ML Engineer,Not Mentioned,Delhi NCR,5,7,Today
ML Engineer,ML Engineer,Not Mentioned,Remote,5,7,Today
Principal Machine Learning Engineer (m/f/d),Miscellaneous,Not Mentioned,Hybrid,7,11,1 week ago
Machine Learning Engineer II,Miscellaneous,Not Mentioned,Bengaluru,4,9,1 week ago
Principal Machine Learning Engineer (m/f/d),Miscellaneous,Not Mentioned,Hybrid,7,11,1 week ago
TD Automation Engineer II - Machine Learning & Project Management,Miscellaneous,Not Mentioned,Bengaluru,2,5,1 day ago
Machine Learning Engineer | Contract Role,Miscellaneous,Not Mentioned,Hybrid,6,8,1 day ago
ML Engineer,ML Engineer,Not Mentioned,Remote,7,10,2 weeks ago
ML Engineer,ML Engineer,Not Mentioned,Remote,5,7,Today
ML Engineer,ML Engineer,Not Mentioned,Bengaluru,5,7,Few hours ago
Machine Learning Engineer with Azure Databricks,Miscellaneous,Not Mentioned,Bengaluru,2,6,1 day ago
ML Engineer,ML Engineer,Not Mentioned,Remote,5,7,Today
Machine Learning Engineer III,Miscellaneous,Not Mentioned,Bengaluru,4,6,1 week ago
Machine Learning Engineer | Contract Role,Miscellaneous,Not Mentioned,Hybrid,8,10,1 week ago
ML Engineer,ML Engineer,Anlage Infotech,Hybrid,3,8,2 weeks ago
Machine Learning Engineer | Contract Role,Miscellaneous,Not Mentioned,Hybrid,6,8,1 week ago
ML Engineer,ML Engineer,Not Mentioned,Hybrid,6,8,5 days ago
ML Engineer,ML Engineer,Not Mentioned,Hybrid,6,8,1 week ago
"Manager, Data Scientist and Machine Learning Engineer",Data Scientist,Not Mentioned,Bengaluru,4,9,3+ weeks ago
Machine Learning Engineer - Python,Miscellaneous,Not Mentioned,Bengaluru,6,10,4 days ago
ML Engineer,ML Engineer,Not Mentioned,Remote,5,7,Today
Machine Learning Engineer III,Miscellaneous,Not Mentioned,Bengaluru,4,6,1 week ago
Machine Learning Engineer with Azure Databricks || Hybrid || Immediate,Miscellaneous,Not Mentioned,Hybrid - Bengaluru,5,10,Few hours ago
Associate Machine Learning Engineer Internship,Miscellaneous,Not Mentioned,Bengaluru,6,6,Starts in 1-3 months
Hiring Machine Learning Engineer || 5+years,Miscellaneous,Not Mentioned,Hyderabad,5,10,2 days ago
ML Engineer,ML Engineer,Not Mentioned,Pune,5,10,4 days ago
Machine Learning Engineer - NLP & Computer Vision,Miscellaneous,E Solutions,Hybrid,6,10,6 days ago
AI Engineer,AI Engineer,Not Mentioned,Hybrid,2,5,1 day ago
AI Engineer,AI Engineer,Not Mentioned,Hyderabad,3,5,3 days ago
AI Engineer,AI Engineer,Not Mentioned,Bengaluru,3,7,5 days ago
AI Engineer,AI Engineer,Not Mentioned,Chennai,3,5,Today
AI Engineer,AI Engineer,Not Mentioned,Hybrid,5,8,6 days ago
Artificial Intelligence Engineer - Data Modeling,Miscellaneous,Not Mentioned,Bengaluru,7,10,1 day ago
Artificial Intelligence Engineer - Data Modeling,Miscellaneous,Not Mentioned,Thane,7,10,1 day ago
Artificial Intelligence Engineer - Data Modeling,Miscellaneous,Not Mentioned,Remote,7,10,1 day ago
Artificial Intelligence Engineer - Data Modeling,Miscellaneous,Not Mentioned,Remote,7,10,1 day ago
Artificial Intelligence Engineer - Data Modeling,Miscellaneous,Not Mentioned,Remote,7,10,1 day ago
Artificial Intelligence Engineer - Data Modeling,Miscellaneous,Not Mentioned,Remote,7,10,1 day ago
Artificial Intelligence Engineer - Data Modeling,Miscellaneous,Not Mentioned,Surat,7,10,1 day ago
Artificial Intelligence Engineer - Data Modeling,Miscellaneous,Not Mentioned,Remote,7,10,1 day ago
Artificial Intelligence Engineer - Data Modeling,Miscellaneous,Not Mentioned,Remote,7,10,1 day ago
AI Engineer,AI Engineer,Not Mentioned,Noida,4,7,6 days ago
AI Engineer,AI Engineer,Not Mentioned,Bengaluru,3,5,2 days ago
AI Engineer,AI Engineer,Not Mentioned,Hyderabad,7,10,Today
Lead Artificial Intelligence Engineer,Miscellaneous,Not Mentioned,Hybrid - Pune,5,10,Today
AI Engineer,AI Engineer,Not Mentioned,"Hybrid - Gurugram, Bengaluru",5,8,4 days ago
AI Engineer,AI Engineer,Not Mentioned,Jaipur,7,10,Today
AI Engineer,AI Engineer,Not Mentioned,"Hyderabad, Chennai, Bengaluru",0,2,1 week ago
AI Engineer,AI Engineer,Not Mentioned,Hybrid - Bengaluru,3,5,1 week ago
AI Engineer,AI Engineer,Not Mentioned,Mumbai,2,5,5 days ago
AI Engineer,AI Engineer,Not Mentioned,Noida,1,3,6 days ago
Artificial Intelligence Engineer - Data Modeling,Miscellaneous,Not Mentioned,Remote,7,10,1 week ago
Artificial Intelligence Engineer - Data Modeling,Miscellaneous,Not Mentioned,Remote,7,10,1 week ago
Artificial Intelligence Engineer - Data Modeling,Miscellaneous,Not Mentioned,Remote,7,10,1 week ago
AI Engineer,AI Engineer,Not Mentioned,Hybrid,3,8,1 week ago
Artificial Intelligence Engineer - Data Modeling,Miscellaneous,Not Mentioned,Remote,7,10,1 week ago
Artificial Intelligence Engineer - Data Modeling,Miscellaneous,Not Mentioned,Remote,7,10,1 day ago
Artificial Intelligence Engineer - Data Modeling,Miscellaneous,Not Mentioned,Ludhiana,7,10,1 week ago
Artificial Intelligence Engineer - Data Modeling,Miscellaneous,Not Mentioned,Kolkata,7,10,1 day ago
Artificial Intelligence Engineer - Data Modeling,Miscellaneous,Not Mentioned,Remote,7,10,1 week ago
Artificial Intelligence Engineer - Data Modeling,Miscellaneous,Not Mentioned,Kanpur,7,10,1 day ago
Artificial Intelligence Engineer - Data Modeling,Miscellaneous,Not Mentioned,Remote,7,10,1 day ago
AI Engineer,AI Engineer,Not Mentioned,Pune,7,10,1 week ago
AI Engineer,AI Engineer,Not Mentioned,Mumbai,7,10,1 week ago
AI Engineer,AI Engineer,Not Mentioned,Remote,8,13,2 weeks ago
AI Engineer,AI Engineer,Not Mentioned,Nagpur,7,10,1 week ago
AI Engineer,AI Engineer,Not Mentioned,Agra,7,10,1 week ago
AI Engineer,AI Engineer,Not Mentioned,Australia,10,20,1 week ago
AI Engineer,AI Engineer,JOB Juggler Llp,Hyderabad,2,5,1 week ago
AI Engineer,AI Engineer,Not Mentioned,"Hyderabad, Chennai, Bengaluru",5,10,1 week ago
AI Engineer,AI Engineer,Not Mentioned,Remote,1,3,5 days ago
AI Engineer,AI Engineer,Not Mentioned,Remote,3,6,2 weeks ago
Artificial Intelligence Engineer/ AI Engineer/ GenAI Engineer,AI Engineer,Not Mentioned,Remote,3,8,4 days ago
AI Engineer,AI Engineer,Not Mentioned,Remote,8,12,5 days ago
AI Engineer,AI Engineer,Not Mentioned,Hybrid,4,8,3+ weeks ago
Artificial Intelligence Engineer/ AI Engineer,AI Engineer,Not Mentioned,Remote,3,8,2 weeks ago
AI Engineer,AI Engineer,Anlage Infotech,Hybrid,4,9,2 weeks ago
AI Engineer,AI Engineer,Not Mentioned,Remote,5,10,6 days ago
AI Developer / Artificial Intelligence Engineer,Miscellaneous,Not Mentioned,Ahmedabad,2,3,3+ weeks ago
AI Engineer,AI Engineer,Not Mentioned,Bengaluru,4,8,1 week ago
AI Engineer,AI Engineer,Not Mentioned,"Hyderabad, Bengaluru",3,8,Today
AI Engineer,AI Engineer,Not Mentioned,Chennai,6,10,Few hours ago
AI Engineer,AI Engineer,Not Mentioned,"Noida, New Delhi, Gurugram",6,9,1 week ago
AI Engineer,AI Engineer,Not Mentioned,Remote,7,10,3+ weeks ago
"SaaS DevOps Engineer - DevOps, Artificial Intelligence, Helm, Docker",Miscellaneous,Not Mentioned,Bengaluru,8,12,2 weeks ago
AI Engineer,AI Engineer,Not Mentioned,Hybrid,4,8,2 weeks ago
AI Engineer,AI Engineer,Not Mentioned,Hybrid,4,8,2 weeks ago
AI Engineer,AI Engineer,Not Mentioned,Bengaluru,0,2,2 weeks ago
AI Engineer,AI Engineer,Not Mentioned,Hybrid,0,3,3+ weeks ago
AI Engineer,AI Engineer,Not Mentioned,Remote,0,2,3+ weeks ago
AI Engineer,AI Engineer,Not Mentioned,Bengaluru,0,3,3 weeks ago
Analytics & Artificial Intelligence Engineer,Miscellaneous,Not Mentioned,Remote,8,13,3 weeks ago
AI Engineer,AI Engineer,Not Mentioned,Hybrid,0,4,2 weeks ago
Artificial Intelligence Engineer (Hybrid-Gurgaon) US Timings,Miscellaneous,Not Mentioned,Hybrid,3,8,3+ weeks ago
AI Engineer,AI Engineer,Not Mentioned,Navi Mumbai,4,8,2 weeks ago
AI Engineer,AI Engineer,Not Mentioned,Bengaluru,1,4,3+ weeks ago
AI [Artificial Intelligence] Engineer,Miscellaneous,Not Mentioned,Bengaluru,2,3,3+ weeks ago
Artificial Intelligence Engineer - Immediate Joiners - Aziro,Miscellaneous,Not Mentioned,Hybrid,6,11,3+ weeks ago
AI Engineer,AI Engineer,Not Mentioned,Pune,3,5,2 weeks ago
Artificial Intelligence Engineer - Data Modeling,Miscellaneous,Not Mentioned,Remote,7,10,3+ weeks ago
Artificial Intelligence Engineer (Onsite-Ahemdabad),Miscellaneous,Not Mentioned,Ahmedabad,4,8,2 weeks ago
AI Engineer,AI Engineer,Not Mentioned,Bengaluru,5,10,3+ weeks ago
Artificial Intelligence Engineer - Data Modeling,Miscellaneous,Not Mentioned,Remote,7,10,3+ weeks ago
Artificial Intelligence Engineer - Data Modeling,Miscellaneous,Not Mentioned,Remote,7,10,3+ weeks ago
Artificial Intelligence Engineer - Data Modeling,Miscellaneous,Not Mentioned,Remote,7,10,3+ weeks ago
AI Engineer,AI Engineer,Not Mentioned,Hybrid - Bengaluru,4,8,3 weeks ago
AI Engineer,AI Engineer,Not Mentioned,Bengaluru,6,11,3 weeks ago
AI Engineer,AI Engineer,Not Mentioned,Bengaluru,0,1,2 weeks ago
AI Engineer,AI Engineer,Not Mentioned,Bengaluru,1,4,Today
Artificial Intelligence (AI) Engineer (Python & SQL),Miscellaneous,Not Mentioned,Remote,2,5,3 weeks ago
Artificial Intelligence Engineer | IT Consulting MNC | Bangalore,Miscellaneous,Hindco Recruitment Consultants,Remote,1,6,2 weeks ago
AI Engineer,AI Engineer,Not Mentioned,Hybrid,3,6,3 weeks ago
Artificial Intelligence ( AI ) Engineer,Miscellaneous,Not Mentioned,New Delhi,11,13,3+ weeks ago
Artificial Intelligence Engineer / Kolkata,Miscellaneous,Not Mentioned,Kolkata,5,10,3 weeks ago
AI Engineer,AI Engineer,Not Mentioned,Pune,1,4,Today
AI Engineer,AI Engineer,Not Mentioned,Hyderabad,4,8,3 weeks ago
AI Engineer,AI Engineer,Not Mentioned,Dehradun,2,5,3+ weeks ago
Artificial Intelligence (AI) Software Engineer,Miscellaneous,Not Mentioned,Bengaluru,2,4,3+ weeks ago
AI Engineer,AI Engineer,Not Mentioned,Bengaluru,4,7,2 weeks ago
Artificial Intelligence (AI) Software Engineer,Miscellaneous,Not Mentioned,Bengaluru,2,4,3+ weeks ago
AI Engineer,AI Engineer,Not Mentioned,Hybrid - Bengaluru,4,7,3 weeks ago
AI Engineer,AI Engineer,Not Mentioned,Mumbai,5,7,3 weeks ago
AI Engineer,AI Engineer,Not Mentioned,Bengaluru,4,9,Today
"Cloud Engineer, Artificial Intelligence",Miscellaneous,Not Mentioned,"Hyderabad, Bengaluru",3,8,3+ weeks ago
AI Engineer,AI Engineer,Not Mentioned,Bengaluru,4,9,3 weeks ago
Artificial Intelligence Developer -Freelancer- Support Engineer,Miscellaneous,Not Mentioned,Hybrid,6,8,3+ weeks ago
AI Engineer,AI Engineer,Not Mentioned,Hybrid - Pune,4,8,3 weeks ago
Data Analyst,Data Analyst,Not Mentioned,Hosur,0,5,Today
Data Analyst,Data Analyst,Not Mentioned,"Hyderabad, Chennai, Bengaluru",0,2,1 week ago
Client Data Analyst,Data Analyst,Not Mentioned,Hyderabad,0,4,Today
Online Data Analyst Odia Language,Data Analyst,Not Mentioned,Jajpur,0,3,1 day ago
Online Data Analyst Odia Language,Data Analyst,Not Mentioned,Rourkela,0,3,1 day ago
Online Data Analyst Odia Language,Data Analyst,Not Mentioned,Sambalpur,0,3,1 day ago
Online Data Analyst Odia Language,Data Analyst,Not Mentioned,Angul,0,3,1 day ago
Online Data Analyst Odia Language,Data Analyst,Not Mentioned,Hybrid,0,3,1 day ago
Online Data Analyst Odia Language,Data Analyst,Not Mentioned,Kolkata,0,3,1 day ago
Data analyst,Data Analyst,Not Mentioned,Mumbai,0,3,1 week ago
Data Analyst,Data Analyst,Not Mentioned,Navi Mumbai,0,2,5 days ago
Data Analyst,Data Analyst,Not Mentioned,Bengaluru,0,1,1 week ago
Data Analyst,Data Analyst,Not Mentioned,Mohali,0,1,1 week ago
Online Data Analyst Odia Language,Data Analyst,Not Mentioned,Hybrid,0,3,1 day ago
Online Data Analyst Marathi Language,Data Analyst,Not Mentioned,Satara,0,4,1 day ago
Online Data Analyst Marathi Language,Data Analyst,Not Mentioned,Dombivli,0,4,1 day ago
Data Analyst,Data Analyst,Not Mentioned,Bengaluru,7,12,6 days ago
Online Data Analyst Marathi Language,Data Analyst,Not Mentioned,Indore,0,4,1 day ago
"Lenovo - Data Analyst, Bengaluru",Data Analyst,Naukri,Hybrid - Bengaluru,4,7,Few hours ago
Online Data Analyst Tamil Language,Data Analyst,Not Mentioned,Hybrid,0,3,1 day ago
Data Analyst,Data Analyst,Not Mentioned,Navi Mumbai,0,2,5 days ago
DATA ANALYST,Data Analyst,Not Mentioned,Hybrid,0,1,2 weeks ago
Online Data Analyst Odia Language,Data Analyst,Not Mentioned,Vizianagaram,0,3,1 day ago
Online Data Analyst Odia Language,Data Analyst,Not Mentioned,Bhadrak,0,3,1 day ago
Online Data Analyst Odia Language,Data Analyst,Not Mentioned,Bhubaneswar,0,3,1 day ago
Online Data Analyst Odia Language,Data Analyst,Not Mentioned,Cuttack,0,3,1 day ago
Online Data Analyst Odia Language,Data Analyst,Not Mentioned,Puri,0,3,1 day ago
Online Data Analyst Odia Language,Data Analyst,Not Mentioned,Dhenkanal,0,3,1 day ago
Online Data Analyst Odia Language,Data Analyst,Not Mentioned,Raipur,0,3,1 day ago
Online Data Analyst Odia Language,Data Analyst,Not Mentioned,Koraput,0,3,1 day ago
Online Data Analyst Odia Language,Data Analyst,Not Mentioned,New Delhi,0,3,1 day ago
Online Data Analyst Odia Language,Data Analyst,Not Mentioned,Malkangiri,0,3,1 day ago
Online Data Analyst Odia Language,Data Analyst,Not Mentioned,Talcher,0,3,1 day ago
Online Data Analyst Odia Language,Data Analyst,Not Mentioned,Kandhamal,0,3,1 day ago
Data Scientist / Data Analyst,Miscellaneous,Not Mentioned,Hybrid - Bengaluru,7,12,Few hours ago
Online Data Analyst Marathi Language,Data Analyst,Not Mentioned,Pune,0,4,1 day ago
Online Data Analyst Marathi Language,Data Analyst,Not Mentioned,Thane,0,4,1 day ago
Online Data Analyst Marathi Language,Data Analyst,Not Mentioned,Aurangabad,0,4,1 day ago
Online Data Analyst Marathi Language,Data Analyst,Not Mentioned,Nagpur,0,4,1 day ago
Online Data Analyst Marathi Language,Data Analyst,Not Mentioned,Gwalior,0,4,1 day ago
Data Analyst,Data Analyst,Not Mentioned,Gurugram,0,5,1 week ago
Data Analyst,Data Analyst,Not Mentioned,Mumbai,0,1,Few hours ago
Data Analyst - B,Data Analyst,Not Mentioned,Pune,2,5,5 days ago
Data Analyst,Data Analyst,Not Mentioned,Gurugram,0,1,1 day ago
Data Analyst,Data Analyst,Not Mentioned,Madurai,5,10,4 days ago
Client Data Analyst,Data Analyst,Not Mentioned,Hyderabad,0,6,1 week ago
Data Analyst,Data Analyst,Not Mentioned,Mumbai,1,3,4 days ago
Data Analyst,Data Analyst,Not Mentioned,Chennai,6,9,1 week ago
Data Analyst,Data Analyst,Not Mentioned,Hyderabad,2,6,1 week ago
Data Analyst,Data Analyst,Not Mentioned,"Hyderabad, Ahmedabad",0,3,5 days ago
Data Analyst,Data Analyst,Not Mentioned,Kolkata,8,17,1 day ago
Data Analyst,Data Analyst,Not Mentioned,New Delhi,3,5,1 day ago
Data Analyst,Data Analyst,Not Mentioned,Hybrid,3,8,5 days ago
Data Analyst III,Data Analyst,Not Mentioned,Gurugram,2,6,1 day ago
Data Analyst,Data Analyst,Vipany Global Solutions,Hybrid,3,8,1 day ago
Environment & Social Governance Data Analyst,Data Analyst,Not Mentioned,Bengaluru,1,5,1 day ago
S&C GN - Data&AI - Resources - Analyst,Miscellaneous,Not Mentioned,Bengaluru,4,8,1 day ago
S&C GN - Data&AI - Resources - Analyst,Miscellaneous,Not Mentioned,Bengaluru,4,8,1 day ago
Data Analyst III,Data Analyst,Not Mentioned,Gurugram,2,6,1 day ago
"Data Eng, Mgmt & Governance Analyst",Miscellaneous,Not Mentioned,Bengaluru,3,5,1 day ago
Data Analyst,Data Analyst,Not Mentioned,Gurugram,2,4,4 days ago
Data Analyst,Data Analyst,Not Mentioned,Hyderabad,2,5,2 weeks ago
Data Analyst,Data Analyst,Not Mentioned,Mumbai,2,7,6 days ago
Data Analyst,Data Analyst,Not Mentioned,Hybrid,3,5,1 day ago
Data Analyst,Data Analyst,Not Mentioned,Remote,1,3,6 days ago
Data Analyst,Data Analyst,Not Mentioned,Hybrid,3,6,1 day ago
Data Analyst,Data Analyst,Not Mentioned,Hybrid - Bengaluru,2,3,5 days ago
Data Analyst For Botswana location,Data Analyst,Not Mentioned,Botswana,1,4,1 week ago
Online Data Analyst- Kannada speakers | Remote,Data Analyst,Not Mentioned,Remote,0,1,3 weeks ago
Data Analyst,Data Analyst,Not Mentioned,Lucknow,1,4,4 days ago
Data Analyst,Data Analyst,Not Mentioned,Hybrid - Bengaluru,6,9,3 days ago
Data Analyst,Data Analyst,Not Mentioned,Hybrid,5,10,1 day ago
Data Analyst,Data Analyst,Not Mentioned,Bengaluru,4,6,1 week ago
Data Analyst,Data Analyst,Not Mentioned,Hybrid,2,5,1 day ago
Data Analyst,Data Analyst,Not Mentioned,Hybrid - Bengaluru,10,15,1 day ago
Data Analyst,Data Analyst,Not Mentioned,Bengaluru,2,6,1 week ago
Data Analyst,Data Analyst,Not Mentioned,Remote,10,18,1 day ago
Tax Data Analyst,Data Analyst,Not Mentioned,Pune,4,9,1 day ago
Mainframe Data Analyst,Data Analyst,Not Mentioned,Hybrid,3,6,1 week ago
Mainframe Data Analyst,Data Analyst,Not Mentioned,Hybrid,3,6,1 week ago
Data Analyst | Fresher| Female,Data Analyst,Not Mentioned,New Delhi,0,1,2 days ago
Data Analyst - L3,Data Analyst,Not Mentioned,Bengaluru,3,5,6 days ago
Data Analyst - L3,Data Analyst,Not Mentioned,Bengaluru,4,8,6 days ago
Data Analyst - L4,Data Analyst,Not Mentioned,Bengaluru,5,8,6 days ago
Data Analyst (AI-LLM),Data Analyst,Not Mentioned,Bengaluru,1,5,2 weeks ago
Online Data Analysts- Bengali Speakers | Remote,Data Analyst,Not Mentioned,Remote,0,1,3 weeks ago
Data Analyst,Data Analyst,Not Mentioned,Bengaluru,3,5,1 week ago
ESG Data Analyst: ESG Newsroom,Data Analyst,Not Mentioned,Mumbai,0,3,3+ weeks ago
Data Analyst / APM,Data Analyst,Not Mentioned,Bengaluru,4,9,2 weeks ago
Engineer - M&T(Data Analyst),Data Analyst,Not Mentioned,Bengaluru,1,4,1 day ago
Engineer - Methods & Tools (Data Analyst),Data Analyst,Not Mentioned,Bengaluru,4,9,1 day ago
Data Analyst,Data Analyst,ACME SERVICES,Mumbai,5,6,6 days ago
Translator/Data Analyst (Polish),Data Analyst,Not Mentioned,Hybrid,2,7,1 day ago
Data Engineer / Data Analyst (Hybrid Role),Miscellaneous,Not Mentioned,Hybrid,9,14,Few hours ago
Translator/Data Analyst (Hebrew),Data Analyst,Not Mentioned,Hybrid,2,7,1 day ago
Data Analyst - AI & Bedrock Specialization,Data Analyst,Tekskills,Hybrid,5,10,1 day ago
Data Analyst with Hadoop,Data Analyst,Not Mentioned,Hybrid,5,7,1 week ago
Translator/Data Analyst (Spanish),Data Analyst,Not Mentioned,Hybrid,2,7,1 day ago
Translator/Data Analyst (Portuguese),Data Analyst,Not Mentioned,Hybrid,2,7,1 day ago
Translator/Data Analyst (Turkish),Data Analyst,Not Mentioned,Hybrid,2,7,1 day ago
